Codigo,Nombre,CodigoEstado
1005498-198-AG25,Orden de Compra generada por invitación a compra ágil: 1005498-111-COT25,6
1029-58-SE25,ORDEN DE COMPRA DESDE 1029-13-LP25,6
1038-161-SE25,BANDEJAS ALMACIGUERAS TUBETES PARA PRODUCCIÓN DE PLANTAS Sire 249,12
1039-294-SE25,JACS SIC N° 473  Pago peajes Paulina González,6
1040538-68-SE25,FORTALECIMIENTO DEL TURISMO SOCIAL REGIÓN DE ÑUBLE ADJUDICACIÓN MÚLTIPLE DESDE 1040538-1-LQ25,6
1057049-12413-TD25,Orden de Compra generada por Trato Directo ID 1057049-45-FTD25,12
1057049-13062-CM25,CAPS PAC JUNIO 2025,12
1057049-13220-SE25,MVC - De 1057049-336-LE23 - Res. Ex. N°3235/23 - INT 1891/23 -Arriendo auto envasadora de medicamentos.,12
1057049-13259-SE25,"JAC.""CONSIGNACIONES"" FUS: 2215/2023 ADQUISICION IMPLANTES PARA PROCEDIMIENTO RODILLA PRIMARIA UNIDAD TMT ADULTO DESDE 1057049-447-LR23 PCTE:B.S.R , CX:16-05-2025,  GUIA:546489, RT:2427",12
1057049-13329-SE25,GSP INT 1945/2021 1057049-285-LR21 PAC REACTIVOS BIOLOGIA MOLECULAR,12
1057049-13404-SE25,CAPS RE N°919 ID.1057049-80-LQ24  PAC PROGRAMA INSUMOS JULIO 2025,12
1057049-13407-SE25,MES INT 684/2024 1057049-102-LQ24 PAC JULIO 2025 -BODEGA GENERAL ,12
1057049-13423-CM25,JLL ADQUISICION DE MOBILIARIO PARA EL HOSPITAL CLINICO SAN BORJA COT 49511,12
1057049-13429-AG25,JCD FUS 702/ PABELLON DESDE AG: 1057049-620-COT25,12
1057049-13630-SE25,CAPS RE N°845 ID.1057049-393-LQ23 PAC PROGRAMA INSUMOS JULIO 2025,12
1057049-13665-TD25,Orden de Compra generada por Trato Directo ID 1057049-95-FTD25,12
1057049-13802-SE25,MES INT. 384/2024 ID 1057049-12-LQ24 PAC INSUMOS CLINICOS JULIO 2025. ROPA CARDIOQUIRURGICA PACK PERSONALIZADO,12
1057049-14261-CM25,JCD FUS 820/2025 FARMACIA HOSPITALIZADOS,12
1057299-981-SE25,TRANSPORTE ESC CESAR MUÑOZ,6
1057385-318-SE25,COMPRA DE SERVICIO DIRECTOR TECNICO,6
1057385-319-AG25,COMPRA DE PAÑALES ADULTO(PMG DEPENDENCIA SEVERA),6
1057387-488-SE25,COFFEE BREAK CURSOS CAPACITACION HOSPITAL COLLIPULLI LEY 18.834 (RCP BASICA),6
1057387-489-SE25,COFFEE BREAK CURSOS CAPACITACION HOSPITAL COLLIPULLI LEY 19.664 (RCP BASICA),6
1057387-492-SE25,PROGRAMA DE RESOLUTIVIDAD OFTALMOLOGICA 2025 (julio),6
1057389-142-SE25,Mantencion Preventiva Equipos Central Alimentacion,12
1057429-5381-CM25,"PRE ELABORADOS (ACELGA, APIO, BETARRAGA) P",12
1057429-5796-CM25,"YOGURT BATIDO, DIET Y LECHES VARIEDADES (P)",12
1057429-5841-SE25,PRE ELABORADOS  JUNIO-JULIO (F),12
1057429-5965-CM25,YOGURT CON FRUTAS Y POSTRES,12
1057429-6001-SE25,MAYONESA Y CAFÉ SACHET VARIEDADES (F),12
1057429-6352-CM25,SALMÓN (F),12
1057429-6354-AG25,CARRO DOBLE CESTA (NEONATOLOGIA),12
1057429-6402-SE25,PAN 1ERA QUINCENA JULIO (P),12
1057429-6404-SE25,PAN 1ERA QUINCENA JULIO (F),12
1057429-6418-AG25,CARRO DOBLE CESTA (FARMACIA CENTRAL),12
1057429-6428-AG25,ARTICULOS VARIOS DE OFICINA,12
1057429-6459-AG25,"RECARGA DE PETROLEO CON ENTREGA INMEDIATA EN ESTABLECIMIENTO, HOSPITAL DE CORONEL.",12
1057429-6462-CM25,"LACTEOS FLAN , LECHE ASADA Y YOGURT CON FRUTAS  F. (ENTREGA PARCIALIZADA)",12
1057429-6466-SE25,"FRUTAS Y VERDURAS F, ENTREGA MIERCOLES 30-07-2025",12
1057429-6469-SE25,"FRUTAS Y VERDURAS P, ENTREGA MIERCOLES 30-07-2025",12
1057429-6489-SE25,"FRUTAS Y VERDURAS P, ENTREGA VIERNES 01-08-2025",12
1057429-6490-CM25,GAS LICUADO  DE ALIMENTACIÓN ENTREGA VIERNES 01-08-2025,12
1057439-15516-SE25,Equipos logisticos 1057439-58-LE25,6
1057480-5892-SE25,ORDEN DE COMPRA DESDE 1057480-53-LP23,6
1057489-10649-CT25,2002440068 FILTRO PLAQUETAS 0.3 MICRAS //200244006,12
1057489-11162-SE25,2003456035 VALVULOTOMO ATRAUMATICO PARA BYPASS 2.5,12
1057489-11473-SE25,GUANTES QCOS ESTERILES SIN LATEX 1057489-449-LQ23,12
1057489-11741-SE25,Consignación Mayo 2025 Set de placas de clavícula,12
1057489-12217-SE25, BRAZALETES DE IDENTIFICACION ,12
1057489-12286-SE25,REACTIVOS E INSUMOS PARA HEMATOLOGIA Y CITOMETRIA ,12
1057489-12297-SE25,REACTIVOS E INSUMOS PARA HEMATOLOGIA Y CITOMETRIA.,12
1057489-12422-SE25,INSUMOS DE PROTECCION PARA MANEJS DE CITOSTATICOS  1057489-13-LE24 ,12
1057489-12434-SE25,GUANTES QCOS ESTERILES SIN LATEX,12
1057489-12497-SE25,6201000148 COMPRESA DE TRANSPORTE ,12
1057489-12826-TD25,Orden de Compra generada por Trato Directo ID 1057489-30-FTD25,12
1057489-12857-CM25,INSUMOS DE ASEO ,12
1057489-12948-SE25,3002160100 MEPIVACAINA 30 MG/ML (3%) TUBO CARPULE.,12
1057489-12956-SE25,2003456162 COLCHON CELDAS ABIERTA ABIERTA 3 SECCIO,12
1057489-12957-SE25,2003459985 SILLA DE RUEDA PACIENTE GES	,12
1057489-12960-SE25,2003470003 ANDADOR CON 4 RUEDAS GES	,12
1057489-12965-CM25,2003470000	ANDADOR SIN RUEDAS PACIENTES GES,12
1057489-12966-CM25,2002257707	COJIN ANTIESCARAS VISCOELASTICO,12
1057489-12974-SE25,2002240051 	JERINGA 60ML LUER LOCK C/AGUJA 21G TIPO BD,12
1057489-13059-SE25,CONSIGNACION JULIO 2025 2003410133 ASPIRADOR ULTRA,4
1057489-13060-SE25,CONSIGNACION JUNIO 2025 INSUMOS PARA RADIOFRECUENC,4
1057489-4798-CM25,ALIMENTOS NO-PERECIBLES ,12
1057489-9780-CM25,VERDURAS PROCESADAS ,12
1057492-4573-AG25,ADQUISICIÓN E INSTALACIÓN NUEVAS PUERTAS PARA ABASTECIMIENTO Y BODEGA ,6
1057494-7937-CM25,Bidones de agua ,4
1057495-114-AG25,ADQUISICIÓN DE EQUIPO DESECHABLE DE INTRATECAL ESTERIL PARA EL HDLC. DESDE 1057495-44-COT25,12
1057495-2895-AG25,ADQUISICIÓN DE EQUIPO DESECHABLE DE HEMOCULTIVO PARA EL HDLC. DESDE 1057495-446-COT25,12
1057495-2992-AG25,ADQUISICIÓN DE SUJETADOR SONDA FOLEY PARA EL HDLC. DESDE 1057495-495-COT25,12
1057495-3024-CM25,ADQUISICIÓN DE SET DE INFUSIÓN PARA BOMBA PARA LA UNIDAD DE ENFERMERIA.	,12
1057495-3167-AG25,"ADQUISICIÓN DE HOLDER SOON QUICK RELEASE 20 PACK X 5 (camisa vacutainer c/clip), PARA EL HOSPITAL DR. LUCIO CORDOVA, DESDE LA COT 1057495-567-COT25",12
1057495-3208-SE25,"ORDEN DE COMPRA POR REACTIVOS DE CITOMETRIA DE FLUJO, PARA EL HOSPITAL DR. LUCIO CORDOVA, DESDE LA LICITACION 1057499-60-LR22",12
1057495-3218-SE25,"ORDEN DE COMPRA POR ALCOHOL GEL 800 ML Y JABON NEUTRO S/AROMA 800 ML PARA LA UNIDAD DE ENFERMERÍA, PARA EL HOSPITAL DR. LUCIO CORDOVA, DESDE LA LIC: 	1057495-3-LE24",12
1057495-3234-SE25,"ADQUISICIÓN DE REACTIVOS DE PCR PANEL RESPIRATORIO PARA LABORATORIO DEL HOSPITAL DR. LUCIO CORDOVA, DESDE LA LIC: 1057495-8-LP25",12
1057495-3237-CM25,ADQUISICION DE INSUMOS PARA EL HOSPITAL DR. LUCIO CORDOVA ,12
1057495-812-SE24,TRATO DIRECTO POR ADQUISICIONES DE TEST SEROLOGICOS PARA CHAGAS Y HTLV,12
1057498-1267-AG25,"OA MALLA HERNIA 7,5 X 15 CM Orden de Compra generada por invitación a compra ágil: 1057498-1057-COT25",12
1057498-1388-AG25, OA TROCAR ESPINAL PUNTA LAPIZ 25G X 90 MM Orden de Compra generada por invitación a compra ágil: 1057498-1255-COT25,12
1057498-212-AG25,OA CANULA ASPIRACION YANKAUER CON CAMISA (POOL) Orden de Compra generada por invitación a compra ágil: 1057498-111-COT25,12
1057498-2343-AG25,PR INSUMOS CIRUGIA ONCOLOGICA,12
1057498-2344-CM25,LPR ARTICULOS DE ASEO,12
1057498-2360-AG25,MC INSUMOS UTI Orden de Compra generada por invitación a compra ágil: 1057498-2069-COT25,12
1057498-2362-AG25,LPR INSUMOS ALIMENTACION compra ágil: 1057498-2070-COT25,12
1057498-2375-AG25,MC INSUMOS ESTERILIZACION Orden de Compra generada por invitación a compra ágil: 1057498-2063-COT25,12
1057498-2393-AG25,MC INSUMOS PABELLON Orden de Compra generada por invitación a compra ágil: 1057498-2103-COT25,12
1057498-2394-AG25,MC INSUMOS PABELLON Orden de Compra generada por invitación a compra ágil: 1057498-2101-COT25,12
1057498-2395-AG25,MC INSUMOS PABELLON Orden de Compra generada por invitación a compra ágil: 1057498-2098-COT25,12
1057498-2398-AG25,MC INSUMOS UPC / UTI Orden de Compra generada por invitación a compra ágil: 1057498-2102-COT25,12
1057498-2399-AG25,MC INSUMOS URGENCIA Orden de Compra generada por invitación a compra ágil: 1057498-2099-COT25,12
1057498-2406-AG25,OA EQUIPO SCALP-VEIN / SUTURA ADHESIVA CUTANEA / VENDA DE FIJACION ADHESIVA Orden de Compra generada por invitación a compra ágil: 1057498-2085-COT25,12
1057498-2421-AG25,MC INSUMOS ESTERILIZACION Orden de Compra generada por invitación a compra ágil: 1057498-2124-COT25,12
1057498-2424-AG25,MC INSUMOS ESTERILIZACION Orden de Compra generada por invitación a compra ágil: 1057498-2119-COT25,12
1057498-2425-AG25,MC INSUMOS NEONATOLOGIA Orden de Compra generada por invitación a compra ágil: 1057498-2118-COT25,12
1057498-2457-AG25,MC INSUMOS UCM Orden de Compra generada por invitación a compra ágil: 1057498-2149-COT25,12
1057498-2469-AG25,MC INSUMOS PABELLON Orden de Compra generada por invitación a compra ágil: 1057498-2158-COT25,12
1057498-2470-AG25,MC INSUMOS UCM Orden de Compra generada por invitación a compra ágil: 1057498-2157-COT25,12
1057498-2481-AG25,MC INSUMOS ESTERILIZACION Orden de Compra generada por invitación a compra ágil: 1057498-2123-COT25,12
1057498-2515-AG25,MC INSUMOS PABELLON Orden de Compra generada por invitación a compra ágil: 1057498-2159-COT25,12
1057498-3089-AG24, OA APOSITO NO TEJIDO 10 X 10 CMS Orden de Compra generada por invitación a compra ágil: 1057498-2236-COT24,12
1057498-368-CM25,OA JERINGAS DESECHABLES Orden de Compra: 1057498-368-CM25,12
1057498-4799-SE24,MC INSUMOS BANCO DE SANGRE,12
1057498-501-SE25,LPR ARTICULOS ASEO LIC. 1057498-60-LR22,12
1057498-906-AG25, OA GASA ESTERIL CON VASELINA 10 X 10 ENVASADO POR UNIDAD (TULL PARAFINADO) Orden de Compra generada por invitación a compra ágil: 1057498-748-COT25,12
1057498-930-AG25,OA TROCARES CON CANULA TORAXICA Orden de Compra generada por invitación a compra ágil: 1057498-850-COT25,12
1057501-18195-SE25,INSUMOS SCEA 406345 ,6
1057503-11282-TD25,Orden de Compra generada por Trato Directo ID 1057503-184-FTD25,6
1057509-20423-SE25,ADQ. DE INSUMOS CAMPAÑA DE INVIERNO 2025 (C.A-EQUIPOS-CCA),6
1057512-901-SE25,COMPRA DE SERVICIOS DE FUMIGACIÓN DESRATIZACIÓN Y ,4
1057513-462-AG25,Orden de Compra generada por invitación a compra ágil: 1057513-209-COT25,6
1057536-2651-SE25,COLGADOR  DELANTALES  PLOMADOS CESFAM ALERCE,12
1057536-3031-AG25,PINZA KELLY - CESFAM ALERCE,12
1057536-3117-SE25, EBOOK EPC CON CERTIFICACION  NAEMT,12
1057536-3354-SE25,SERVICIOS DE ADMINISTRACIÓN HOSPITAL INFANTOJUVENIL ,6
1057536-3355-SE25,SERVICIOS ADMINISTRACIÓN RESIDENCIA N°1 MES JULIO,4
1057536-3356-SE25,SERVICIOS DE ADMINISTRACION RESIDENCIA N°2 MES JULIO,4
1057536-3357-SE25,PAC QUILLAHUA MES JULIO 2025,4
1057536-3358-SE25,SERVICIOS TALLER DE REHABILITACION TIPO II MES JULIO,4
1057536-3359-SE25,SERVICIOS DE ADMINISTRACION 2 HOGARES PROTEGIDOS MES JULIO ,4
1057539-11063-AG24,Orden de Compra generada por invitación a compra ágil: 1057539-1300-COT24,6
1057539-14850-SE25,LICITACION ECOGRAFIAS 2025,12
1057539-16340-AG25,MEMO 59: EXAMEN PERFIL AMINOACIDOS ,12
1057539-16482-TD25,Orden de Compra generada por Trato Directo ID 1057539-400-FTD25,12
1057539-16609-SE25,PASAJE paciente ,12
1057539-16623-CM25,Orden de Compra: 1057539-16623-CM25/pasaje paciente DYDB4A,12
1057539-16624-AG25,MEMO 66: EXAMEN PERFIL AMINOACIDOS,12
1057539-16820-AG25,EPP - SOL 142 MANTENCION E INFRAESTRUCTURA,12
1057539-16851-AG25,SOLICITUD 191-192-205-206: EXAMEN PET PSMA,12
1057539-16873-AG25,MEMO 72-73-74: EXAMENES MEDICOS,12
1057539-16947-AG25,MEMO 76: PERFIL AMINOACIDOS Y AC0LCARNITINAS,12
1057539-17288-TD25,Orden de Compra generada por Trato Directo ID 1057539-452-FTD25,12
1057539-17658-TD25,Orden de Compra generada por Trato Directo ID 1057539-503-FTD25,12
1057539-17662-TD25,Orden de Compra generada por Trato Directo ID 1057539-505-FTD25,12
1057539-17684-AG25,Orden de Compra generada por invitación a compra ágil: 1057539-1138-COT25,12
1057539-17688-SE25,DETERMINACIONES MES ABRIL 2025/MEMO 82,12
1057539-17844-AG25,PASAJES ABRIL,12
1057539-18166-TD25,Orden de Compra generada por Trato Directo ID 1057539-555-FTD25,12
1057539-18184-TD25,Orden de Compra generada por Trato Directo ID 1057539-565-FTD25,12
1057539-18239-TD25,Orden de Compra generada por Trato Directo ID 1057539-588-FTD25,12
1057539-18257-CM25,Orden de Compra: 1057539-18257-CM25/LA0450675IJOUPASASJE PACIENTE,12
1057539-18283-CM25,Orden de Compra: 1057539-18283-CM25/LA0458516AZGP PASAJE PACIENTE,12
1057539-18286-CM25,Orden de Compra: 1057539-18286-CM25/LA0459720BHPT,12
1057539-18334-CM25,Orden de Compra: 1057539-18334-CM25/LA0459743APSP PASAJE PACIENTE,12
1057539-18335-CM25,Orden de Compra: 1057539-18335-CM25/LA0458742TSPH PASAJE PACIENTE,12
1057539-18364-CM25,Orden de Compra: 1057539-18364-CM25/LA0454627VEZQ PASAJE PACIENTE,12
1057539-18371-CM25,Orden de Compra: 1057539-18371-CM25/LA0454291QRDO PASAJES PACIENTE,12
1057539-18374-AG25,Servicio de retiro de Residuos Dom  CENIZAS /SSGG,12
1057539-18403-TD25,Orden de Compra generada por Trato Directo ID 1057539-612-FTD25,12
1057539-18424-TD25,Orden de Compra generada por Trato Directo ID 1057539-615-FTD25,12
1057539-18447-TD25,Orden de Compra generada por Trato Directo ID 1057539-611-FTD25,12
1057539-18448-TD25,Orden de Compra generada por Trato Directo ID 1057539-613-FTD25,12
1057539-18536-CM25,Orden de Compra: 1057539-18536-CM25/LA0450737NMSE PASAJE PACIENTE,12
1057539-18542-CM25,Orden de Compra: 1057539-18542-CM25/LA0455990JZNR pasaje paciente,12
1057539-18559-SE25,Servicio Mensajería Vía Aplicación- MAYO 2025,12
1057539-18561-TD25,Orden de Compra generada por Trato Directo ID 1057539-577-FTD25,12
1057539-18565-CM25,Orden de Compra: 1057539-18565-CM25/PASAJE PACIENTE LA0451922CAFB,12
1057539-18588-SE25,TRASLADOS MUESTRAS DE LABORATORIO_MEMO37,12
1057539-18608-CM25,Orden de Compra: 1057539-18608-CM25/LA0453292WOSR PASAJE PACIENTE,12
1057539-18620-SE25,SERVICIO DE ASISTENCIA PERSONAL DE ANFITRIONES,12
1057539-18681-TD25,Orden de Compra generada por Trato Directo ID 1057539-592-FTD25,12
1057539-18701-CM25,Orden de Compra: 1057539-18701-CM25/paciente reserva J365RL,12
1057539-18702-CM25,Orden de Compra: 1057539-18702-CM25/C7FQ9J reserva paciente,12
1057539-18997-CM25,Orden de Compra: 1057539-18997-CM25/toallas para dispensador,12
1057539-19072-AG25,paños wipe compra ágil: 1057539-1580-COT25,12
1057539-19083-AG25,EPP_SOL N°29 SSGG_SEGURIDADcompra ágil: 1057539-1582-COT25,12
1057539-19445-AG25,ADQUISICION DE DETERGENTES PARA LAVANDERIA compra ágil: 1057539-1796-COT25,12
1057539-486-TD25,Orden de Compra generada por Trato Directo ID 1057539-85-FTD25,12
1057539-7091-SE25,INFORMES TOMOGRAFIA 197-LR22,12
1057545-801-AG25,SERVICIO DE COFFE BREAK Y ARRIENDO DE SALON CAPACITACION MHGAP PANGUIPULLI 27-28-29 AGOSTO compra ágil: 1057545-205-COT25,6
1057545-802-CM25,COMPRA 3.000 LITROS PETRÓLEO DIESEL RECARGA TARJETAS VEHÍCULOS EN ARRIENDO Y GRUPO ELECTROGENO D.S.S.L.R.,6
1057547-26699-CM25,Orden de Compra: 1057547-26699-CM25,6
1057548-613-AG25,kit quirurgico dental desechable POLI CAE 1057548-299-COT25,12
1057548-775-CM25,Alimentos para U.C.A.,12
1057548-804-AG25, compra ágil:Cuchillo rasurador 3m 1057548-393-COT25,12
1057548-813-AG25, compra ágil: Insumos PSA SAPPHIRE 1057548-401-COT25,12
1057548-816-SE25,ORDEN DE COMPRA DESDE 1057548-12-LE25,12
1057548-821-AG25,compra ágil: Removedor de oxido 1057548-403-COT25,12
1057548-829-CM25,Clorhexidina 2% solución acuosa,12
1057548-845-AG25,compra ágil: Medias antitrombóticas 1057548-382-COT25,12
1057605-21-AG25,JUEGOS a compra ágil: 1057605-19-COT25,6
1058085-2106-SE25,3002188491 	SOLUCIÓN RINGER LACTATO 500 ML SOLUCIÓ,12
1058085-2819-SE25,3002180017 AGUA DESTILADA 1000 ML SOLUCIÓN INYECTA,12
1058085-2859-SE25,3002190061 RITUXIMAB BIOSIMILAR 500 MG/50ML.,12
1058085-2888-SE25,"3002188492 SODIO CLORURO 0,9 %/1000ML LIBRE DE LAT",12
1058085-2929-SE25,3002179973 GEL LIMPIEZA Y LUBRICANTE OCULAR 10 G G,12
1058085-2962-SE25,3002218439 FORMULA ENTERAL POLIMÉRICA HIPERCALÓRIC,12
1058085-2980-SE25,3002190088 DARATUMUMAB 1800 MG/15 ML SOLUCION INY	,12
1058085-3041-SE25,3002170156 POVIDONA COLIRIO 5 %/10ML SOLUCIÓN OFTÁ,12
1058085-3042-SE25,3002190040 IMATINIB MESILATO 400 MG COMPRIMIDO.,12
1058085-3043-SE25,3002161395 HALOPERIDOL 5 MG/1ML SOL. INYECT. IM/IV,12
1058085-3048-SE25,3002188491 SOLUCIÓN RINGER LACTATO 500 ML SOLUCIÓ	,12
1058085-3053-SE25,3002140180 MESALAZINA 500 MG COMPRIMIDO GASTRORRES,12
1058085-3061-SE25,3002140042 CICLOSPORINA 25 MG.	,12
1058085-3071-SE25,3002198804 LENALIDOMIDA 25 MG.	,12
1058085-3076-SE25,3002170012 ZIDOVUDINA 50 MG/ 5 M	,12
1058085-3077-TD25,Orden de Compra generada por Trato Directo ID 1058085-4-FTD25,12
1058085-3078-SE25,3002130036 CEFPODOXIMA 200 MG COMPRIMIDO.	,12
1058085-3081-SE25,3002140145 BETAHISTINA 24MG COMPRIMIDO.	,12
1058085-3101-SE25,3002210011 FORMULA ENTERAL POLIMERICO HIPOGLUCIDA.,12
1058085-3104-SE25,3002210014 SUPLEMENTO NUTRICIONAL SALADO 1.5 KCAL/,12
1058085-3105-SE25,3002161402 TERLIPRESINA 1 MG SOLUCIÓN INYECTABLE A,12
1058085-3111-SE25,3002160031 AZUL DE TRIPAN 0.1% 1 ML SOLUCIÓN INYEC,12
1058094-1068-AG25,SD MEDICAMENTOS ,12
1058094-1071-AG25,SD MEDICAMENTOS ,12
1058094-1072-AG25,SD MEDICAMENTOS ,12
1058094-1074-AG25,SD MEDICAMENTOS ,12
1058094-1076-AG25,SD MEDICAMENTOS ,12
1058094-1077-AG25,SD MEDICAMENTOS ,12
1058094-911-AG25,SD MEDICAMENTOS ,12
1058094-933-AG25,SD MEDICAMENTOS ,12
1058135-61-AG25,compra ágil: Midrodina 5 mg 1058135-16-COT25,12
1058135-63-AG25,compra ágil: Hierro sacarato  1058135-20-COT25,12
1058135-66-SE25,Fármacos según lic 1058133-5-LR24,12
1058135-69-SE25,Fármacos según lic 1058133-5-LR24,12
1058135-71-SE25,Fármacos según lic 1058133-11-LR24,12
1058135-72-SE25,Fármacos según lic 1058133-8-R124,12
1058758-191-TD25,Orden de Compra generada por Trato Directo ID 1058758-80-FTD25,4
1063538-13172-AG25,Orden de Compra generada por invitación a compra ágil: 1063538-742-COT25,4
1063538-14186-AG25,Orden de Compra generada por invitación a compra ágil: 1063538-1113-COT25,4
1063538-14226-AG25,Orden de Compra generada por invitación a compra ágil: 1063538-1073-COT25,4
1063538-14414-AG25,Orden de Compra generada por invitación a compra ágil: 1063538-1196-COT25,4
1063538-6366-SE24,ORDEN DE COMPRA DESDE 1063538-43-LP23	,12
1067526-152-AG25,Orden de Compra generada por invitación a compra ágil: 1067526-92-COT25,4
1069417-1924-AG25," Adquisición de Cámara de Vigilancia para Bodega de Productos Alimentarios(kenedy), dependientes de la Dirección de Salud Municipal de Chillán. compra ágil: 1069417-762-COT25",6
1075956-212-AG25,"4 ESTUFAS HÍBRIDAS, GAS/ELÉCTRICA - REGULADOR CILINDRO DE 15KG - DEPTO. COORD. Y CONTROL INTERINSTITUCIONAL - PROVIENE DE COMPRA ÁGIL N° 1075956-155-COT25 - DESPACHO: MONSEÑOR SOTERO SANZ N° 116, PROVIDENCIA - CONTACTO: PAULA SILVA - TELÉFONO: 229226485 -",6
1077234-8-SE25,SOL. EXTRA N°645 DEPTO. GPS - SERVICIOS PROFESIONALES MEDICO - PROGRAMA NOCHE DIGNA 2025 RUTA MEDICA - JULIO 2025 – PROVENIENTE DE LICITACION ID 1077234-1-LE25 - JSA,6
1078078-1423-CM25,"SC 21580 VIVIENDA EMERGENCIA CON BAÑO E INSTALACION NORMAL, COMUNA GALVARINO, REGION ARAUCANIA. IE",6
1078078-1427-CM25,"SC 21579 VIVIENDA EMERGENCIA CON BAÑO E INSTALACION NORMAL, COMUNA LAUTARO, REGION ARAUCANIA. IE",6
1079454-397-AG25,Adquisición de vales de recarga de agua purificada de 20 litros cada uno destinados a la Prefectura Antofagasta. D/E. 233693016.-Orden de Compra generada por invitación a compra ágil: 1079454-545-COT25,6
1079454-439-AG25," ADQUISICIÓN DEL SERVICIO DE MANTENCIÓN DE LOS VEHÍCULOS FISCALES (Z-9700),(Z-9920) Y (Z-9922) A CARGO DE LA TENENCIA BAQUEDANO SEGÚN N.C.U.:233693093. - Orden de Compra generada por invitación a compra ágil: 1079454-608-COT25",6
1079563-258-AG25,"CONTRATACIÓN DE SERVICIOS PARA EL GRABADO PLACA PATENTES PARA DETERMINADOS VEHÍCULOS FISCALES DE CARGO DE LAS UNIDADES, DESTACAMENTOS Y SERVICIOS ESPECIALIZADOS.",6
1079566-290-CM25,"ADQUISICIÓN DE FRUTAS Y VERDURAS, DESTINADAS A LA COMISIÓN RANCHO DE LA PREFECTURA DE CARABINEROS LINARES",6
1079566-295-AG25,ADQUISICIÓN DE MATERIALES DE CONSTRUCCÓN PARA LA REPARACIÓN DE ESTACIONAMIENTOS DE VEHÍCULOS FISCALES DE LA PREFECTURA DE CARABINEROS TALCA,6
1079639-703-AG25,ADQUISICION DE MATERIALES DE CONSTRUCCION PARA VIVIENDA FISCAL CALLE PINTORA ELSA MARTIN NRO. 17 POB. LAGO CHAPO PUERTO MONTT ,6
1079639-704-AG25,ADQUISICION MATERIALES DE CONSTRUCCION PARA REPARACION VIVIENDA FISCAL PASAJE TRES NRO. 99 POB. ESMERALDA COMUNA DE PUERTO MONTT,6
1087-160-AG25,Arriendo de Notebook PDZ 1,6
1134432-139-AG25,“Servicio de verificación y bloqueo en línea de los cheques .Orden de Compra generada por invitación a compra ágil: 1134432-141-COT25,12
1134432-393-AG25,ADQUISICIÓN DE EQUIPAMIENTO INFORMÁTICO PARA EL PROGRAMA REGISTRO SOCIAL DE HOGARES Orden de Compra generada por invitación a compra ágil: 1134432-427-COT25,12
1134432-52-SE25,ORDEN DE COMPRA DESDE 1134432-1-LE25,12
1172445-2228-AG25,"VAA/ P02 SEP / ESCUELA MANUEL RODRIGUEZ / ORD. N° 5-122 / COMPRA DE ESTOLAS, GALVANOS, OTROS.",6
1173458-12-SE25,CET CDP OVALLE: COMPRA INSUMOS DE PANADERIA ,6
1176-75-AG25,Orden de Compra generada por invitación a compra ágil: 1176-42-COT25,6
1191730-28-AG25,"VAA/ FDO NO AFECTOS / PROGRAMA 4A7 / ESCUELA ISABEL PEÑA MORALES / ORD. N° 3, COMPRA DE ESTANTES Y OTROS.",6
1195104-262-AG25,Servicio de catering para DR de Biobío,6
1208069-143-AG25,SOLPED 2-36490 ASOCIADA A compra ágil: 1208069-149-COT25,6
1208129-482-CM25,RF BARCELONA ALIMENTACIÓN COMPLEMENTARIA AGOSTO,6
1214102-1420-SE25,IJA/JULIO SERVICIOS DE ALIMENTACIÓN/CODEP,6
1214103-194-AG25,CONTRATACION OBRA DE DANZA 29 DE AGOSTO: 1214103-199-COT25,6
1214103-197-AG25,CONTRATACION DE ESPECTACULO CIRCENSE CLOWN CON MUSICA EN VIVO: 1214103-203-COT25,6
1216062-600-SE25,"Serv.de transporte de personas , carga ,desp medic",6
1216062-616-SE25,"Serv.de transporte de personas , carga ,desp medic",6
1224953-510-CM25,Orden de Compra: 1224953-510-CM25,6
1224957-863-AG25,Orden de Compra generada por invitación a compra ágil: 1224957-558-COT25,6
1233613-1199-SE25,ESCARAPELAS ESCUELA ELBA OJEDA ,6
1237849-109-AG25,Orden de Compra generada por invitación a compra ágil: 1237849-104-COT25,6
1239966-260-AG25,Orden de Compra generada por invitación a compra ágil: 1239966-280-COT25,6
1250354-8-AG25,D.R- SABANILLA DE PAPEL POLICLINICO,6
1260688-117-AG25,Orden de Compra generada por invitación a compra ágil: 1260688-108-COT25,6
1274565-91-SE25,Servicio de Arriendo y Hosting,6
1298357-136-TD25,Orden de Compra generada por Trato Directo ID 1298357-4-FTD25,6
1301-92-AG25,MATERIALES PN HORNOPIREN,6
1366597-2414-TD25,Orden de Compra generada por Trato Directo ID 1366597-739-FTD25,6
1366597-2417-TD25,Orden de Compra generada por Trato Directo ID 1366597-741-FTD25,6
1366597-2432-TD25,Orden de Compra generada por Trato Directo ID 1366597-758-FTD25,6
1366597-2441-TD25,Orden de Compra generada por Trato Directo ID 1366597-769-FTD25,6
1366597-2476-TD25,Orden de Compra generada por Trato Directo ID 1366597-891-FTD25,6
1366597-2496-TD25,Orden de Compra generada por Trato Directo ID 1366597-823-FTD25,6
1366597-2497-TD25,Orden de Compra generada por Trato Directo ID 1366597-824-FTD25,6
1366597-2498-TD25,Orden de Compra generada por Trato Directo ID 1366597-825-FTD25,6
1366597-2499-TD25,Orden de Compra generada por Trato Directo ID 1366597-826-FTD25,6
1366597-2500-TD25,Orden de Compra generada por Trato Directo ID 1366597-827-FTD25,6
1366597-2501-TD25,Orden de Compra generada por Trato Directo ID 1366597-828-FTD25,6
1366597-2502-TD25,Orden de Compra generada por Trato Directo ID 1366597-829-FTD25,6
1366597-2503-TD25,Orden de Compra generada por Trato Directo ID 1366597-830-FTD25,6
1366597-2505-TD25,Orden de Compra generada por Trato Directo ID 1366597-832-FTD25,6
1366597-2512-TD25,Orden de Compra generada por Trato Directo ID 1366597-839-FTD25,6
1366597-2531-TD25,Orden de Compra generada por Trato Directo ID 1366597-859-FTD25,6
1366597-2532-TD25,Orden de Compra generada por Trato Directo ID 1366597-860-FTD25,6
1366597-2533-TD25,Orden de Compra generada por Trato Directo ID 1366597-861-FTD25,6
1366597-2554-TD25,Orden de Compra generada por Trato Directo ID 1366597-896-FTD25,6
1391-1572-CM25,"FOSOAD Nº 65 CET SEMIABIERTO TALCA, SOCIEDAD COMERCIAL MAULE",6
1391-1576-CM25,"CCP CAUQUENES, FOSOAD Nº 240, COMPRA DE ALIMENTOS",6
1391-1581-CM25,"C.P.F Talca, FOSOAD Nº134 Compra Frutas y Verduras para el servicio de alimentacon.",6
1393495-233-AG25, SC-21721/9884-1/SEP/ADQ. MATERIAL LUDICO/ESF,6
1395-828-SE25,Traslado de pacientes diálisis,6
1398-1486-SE25,ORDEN DE COMPRA DESDE 1398-21-LQ24,12
1398-1727-AG25,Orden de Compra generada por invitación a compra ágil: 1398-341-COT25,12
1398-2051-SE25,ORDEN DE COMPRA DESDE 1398-169-LR23,12
1398-2061-TD25,Orden de Compra generada por Trato Directo ID 1398-9-FTD25,12
1398-2062-TD25,Orden de Compra generada por Trato Directo ID 1398-9-FTD25,12
1398-2063-TD25,Orden de Compra generada por Trato Directo ID 1398-9-FTD25,12
1398-2065-TD25,Orden de Compra generada por Trato Directo ID 1398-19-FTD25,12
1398-2072-SE25,Servicio de Salud Ohiggins,12
1398-2074-SE25,ORDEN DE COMPRA DESDE 1398-123-LP24,12
1398-2093-SE25,ORDEN DE COMPRA DESDE 1398-142-LP24,12
1398-294-AG25,Orden de Compra generada por invitación a compra ágil: 1398-146-COT25,12
1411-2202-AG25,CPF de Santiago Programa Creciendo Juntos,6
1422832-166-AG25,(ASA)TOPOGRAFIA CORNEAL,6
1426099-147-CM25,ADQUISICION DE CARNES Y CONGELADOS PARA EL CENTRO LAE-IP TEMUCO,6
1426099-151-CM25,LACTEOS LAE-IP TEMUCO,6
1448743-2-AG25,Orden de Compra generada por invitación a compra ágil: 1448743-5-COT25,6
1493-636-AG25,"RETIRO, REFUERZO, REPOSICION E INSTALACION DE ESTANQUE DE 10.000 LITROS EN APR PIEDRA LISA Orden de Compra generada por invitación a compra ágil: 1493-381-COT25",6
1540-1737-SE25,"1540-70-LE25 SERVICIO TECNICO NIVEL SUPERIOR FARMACIA, AGOSTO 2025, 04/12 FARMACIA ",6
1540-1744-SE25,"1540-56-LQ25 CONVENIO PASAJES PNT-PUQ USUARIOS Y FUNCIONARIOS, CORRESPONDIENTE AL MES DE JUNIO DEL 2025, SOME",6
1549-1615-SE25,1549-226-LR24 ARRIENDO DE IMPRESORAS,12
1549-3061-AG25," EXT-MAV/MENOR A 100 UTM, SOLICITUD EXTRAORDINARIA, HOSPITAL SAN JOSE REQUIERE DE MANTENIMIENTO CORRECTIVO COLONOSCOPIO Y PANENDOSCOPIO-UND ENDOSCOPIA",12
1549-3062-AG25," EXT-MAV/MENOR A 100 UTM, SOLICITUD EXTRAORDINARIA, HOSPITAL SAN JOSE REQUIERE DE MANTENCION CORRECTIVA COLONOSCOPIO.-UND ENDOSCOPIA.",12
1549-3063-AG25," EXT-MAV/MENOR A 100 UTM, SOLICITUD EXTRAORDINARIA, HOSPITAL SAN JOSE REQUIERE DE SERVICIO MANT. REPARATIVO DE VIDEO PROCESADOR COLONOSCOPIO OLYMPUS MODELO CF-HQ 190L-UND ENDOSCOPIA",12
1549-3326-AG25,"XPP/SCE/MENOR A 100 UTM, SE SOLICITA SUMINISTRO E INSTALACION DE 2 CANISTER PARA MAQUINA DE ANESTESIA MINDRAY A8  1549-2862-COT25",12
1549-3705-CM25,"JIM / Orden de Compra: 1549-3705-CM25, SE REQUIERE LA COMPRA DE 103-1311 ARCHIV. PAL.LOMO ANG.OFIC./103-1900 CARP.COL.F/PLAST./103-1930 CARP.PLAST. COLORES S/ ACCO-CLIP/103-7979 SOBRE AMER.C/VENT./ 103-8172 SOBRE SACO OF.BLANCO. ",4
1549-3706-AG25,"JIM/ EXT./ MENOR A 100 UTM, SOLICITUD EXTRAORDINARIA SEGÚN MEMORÁNDUM N° 168/25 UNIDAD DE CENTRAL DE ESTERILIZACION, COD. 111-9985 SOLUCION DE LIMPIEZA DE ACERO INOXIDABLE, 102-9985 RECIPIENTES O COPELAS DE PLASTICOS, 111-1029 FUENTES PLASTICAS, 1549-3415",4
1549-3725-AG25,"JIM/ PAC/ MENOR A 100 UTM. SE SOLICITA COD.104-3050 CONTROL VALORES AL INGRESO 50*3/FOLIADO, 1549-3468-COT25",4
1549-3761-TD25,Orden de Compra generada por Trato Directo ID 1549-78-FTD25,12
1549-73-SE25,"1057474-9-LE24 ARRIENDO, INSTALACION Y HABILITACIO",12
1554-1298-SE25,REGULARIZACIÓN SERVIMED ABRIL 2024 UR.PEDIATRICA,6
1638-350-SE25,AMPLIACION DE PLAZO CONSECION SERVICIO DE AREA VER,4
1643-1675-CM25,"Adquisición Frutas, Verduras y huevos Junio: 1643-1675-CM25",12
1643-1838-CM25,"Adquisición Huevos, Verduras y Congelados Julio 2025: 1643-1838-CM25",12
1643-1841-CM25,Adquisición Fruta y Verdura Fresca Julio: 1643-1841-CM25,12
1650-387-CM25,Carnes Blancas para Funcionarios ,6
1650-388-CM25,Carnes Blancas para Pacientes ,6
1663-1165-AG25,TUBOS ENDOTRAQUEALES - PPTO OP 22.04.005.003,4
1663-1170-SE25,ESTANTE METALICO RANURADO LIC. 136-LE25-OP-22.04.999,4
1663-1174-AG25,CUPULA - PPTO PM 22.04.013,4
1663-1179-SE25,ALI. PERECIBLES 05/08 OPE. ITEM 22.01.001.001	,4
1663-1180-SE25,NO PERECIBLES 05/08 ITEM OPE. ITEM 22.01.001.001,4
1663-1181-SE25,FRUTAS/VERDURAS/HUEVOS 01/07 PPTO OPE ITEM 22.01.001.001,4
1702-545-AG25,"PREVENCION, SILLAS ERGONOMICAS Y TIPO CAJERO",6
1703-436-SE25,Contratación servicios de lavandería para Hospital Dr. Mario Sánchez Vergara,6
1704-4083-AG25,ADQUISICION DE GRIFERIA PRERISE CON CUELLO.,6
1704-4147-AG25,ADQUISICION DE FLUJOGRAMAS ADHESIVOS LAVABLES. ,4
1704-4148-TD25,Orden de Compra generada por Trato Directo ID 1704-951-FTD25,6
1704-4157-SE25,ARRIENDO EQUIPAMIENTO COMPUTACIONAL MES DE JULIO 2025,4
1704-4168-SE25,SUMINISTRO DE LENTES MES DE ABRIL-MAYO 2025,4
1704-4190-TD25,Orden de Compra generada por Trato Directo ID 1704-953-FTD25,4
1704-4191-SE25,PRESTACIONES MÉDICAS DE RESOLUCIÓN INTERVENCIONES QUIRURGICAS DE CATARATAS MES DE JUNIO 2025,4
1704-4192-SE25,PRESTACIONES MÉDICAS DE RESOLUCIÓN DIAGNÓSTICA DE CATARATAS MES DE JUNIO 2025,4
1704-4193-TD25,Orden de Compra generada por Trato Directo ID 1704-45-FTD25,4
1704-4194-TD25,Orden de Compra generada por Trato Directo ID 1704-520-FTD25,4
1704-4195-SE25,ARRIENDO DE SERVIDOR DE CONTINGENCIA PARA EL HOSPITAL BIPROVINCIAL QUILLOTA PETORCA MES DE JULIO 2025,4
1953-1492-SE25,506/Compra de pan fresco CDP Casablanca,6
1962-462-CM25,CDP OVALLE: OC N° 1962-462-CM25 AGROSUPER COMERCIALIZADORA DE ALIMENTOS LTDA,6
1965-461-CM25,CDP Pto Natales compra de alimentos ,6
1968-1865-CM25,C.C.P. TEMUCO COMPRA FRUTAS Y VERUDRAS PARA CENTRAL ALIMENTACION ,6
1968-1901-CM25,"C.C.P. Nueva Imperial, Adquisición de Frutas y Verduras para el Área de Alimentación.",6
1979-1042-SE25,SERVICIO MANO DE OBRA EN MUEBLES DE MELAMINA DESDE ID 1979-199-LP24	,12
1979-1827-SE25,ARTICULOS DE FERRETERIA DESDE ID*1979-27-LQ25,12
1979-2189-SE25,INSUMOS DENTALES DESDE ID 1979-89-LQ24	,12
1979-2208-SE25,SERVICIO DE CONFECCIÓN E INSTALACIÓN DE SEÑALÉTICA ID 1979-160-LE24,12
1979-2217-AG25,INSUMOS DENTALES generada por invitación a compra ágil: 1979-187-COT25,12
1979-2238-CM25,ALIMENTOS JUNIO CM,12
1979-2276-SE25,"INSUMOS CLINICOS DESDE ID 1979-187-LQ24, 1979-236-LQ23, 1979-128-LQ24, 1979-34-LQ24, 1979-128-LQ24, 1979-190-LQ23, 1979-120-LQ24",12
1979-2392-SE25,FARMACOS DESDE 1979-171-LQ24,12
1979-2441-SE25,INSUMOS TRAUMATOLOGIA DESDE ID 1979-68-LQ25,12
1979-2490-CM25,ALIMENTOS JULIO CM,12
1979-2492-CM25,ALIMENTOS JULIO CM,12
1979-2532-SE25,FARMACOS DESDE ID 1979-17-LQ25 ; 1979-112-LQ24,12
1979-2543-SE25,FARMACOS DESDE ID 1979-171-LQ24,12
1979-2549-AG25,Orden de Compra generada por invitación a compra ágil: 1979-216-COT25 neumaticos con servicio de instalacion,12
1979-2551-CM25,ALIMENTOS JULIO CM,12
1979-2555-SE25,SUMINISTRO DE BOLSAS Y DE POLIETILENO DE DIFERENTES MEDIDAS ID 1979-56-LP24,12
1979-2557-SE25,CONVENIO SUMINISTRO DE ARTÍCULOS DE ESCRITORIO DESDE ID 1979-57-LQ25,12
1979-2561-SE25,CONVENIO SUMINISTRO DE ARTÍCULOS DE ESCRITORIO DESDE ID 1979-57-LQ25,12
1979-2582-SE25,SERVICIO CONTROL DE PLAGAS DESDE ID 1979-161-LE24	,12
1979-2584-SE25,INSUMOS DE LABORATORIO DESDE ID 1979-93-LE25,12
1979-2596-SE25,"INSUMOS CLINICOS DESDE 1979-14-LQ25, 1979-190-LQ23, 1979-123-LQ24",12
1979-2605-SE25,"INSUMOS CLINICOS DESDE ID 1979-128-LQ24,1979-34-LQ24,1979-190-LQ23,1979-185-LQ24,1979-186-LQ24",12
1979-2607-SE25,INSUMOS CLINICOS DESDE ID 1979-131-LQ24,12
1979-2615-SE25,INSUMOS CLINICOS - DIALISIS DESDE ID1979-156-LQ24,12
1979-2616-SE25,INSUMOS CLINICOS DESDE ID 1979-121-LQ24,12
1979-2621-SE25,"INSUMOS CLINICOS DESDE ID 1979-128-LQ24,1979-43-LQ24, 1979-127-LQ24",12
1979-2624-SE25,"INSUMOS CLINICOS DESDE ID 1979-130-LQ24, 1979-189-LQ23",12
1979-2628-SE25,INSUMOS CLINICOS DESDE ID 1979-189-LQ23,12
1979-2639-SE25,INSUMOS CLINICOS DESDE 1979-189-LQ23,12
1979-2640-SE25,INSUMOS CLINICOS DESDE ID 1979-127-LQ24,12
1979-2645-SE25,INSUMOS DESDE ID 1979-2-LP24	,12
1979-2655-CM25,VALE DE GAS 45 KG,12
1979-2672-SE25,CONVENIO SUMINISTRO DE OXIGENO MEDIANTE ID 1175-260-LR23,12
1979-2676-CM25,INSUMOS CLINICOS CM,12
1979-2680-CM25,INSUMOS CLINICOS CM,12
1979-2696-SE25,CONVENIO SUMINISTRO DE OXIGENO MEDIANTE ID 1175-260-LR23,12
1979-2699-TD25,Orden de Compra generada por Trato Directo ID 1979-42-FTD25,12
1979-2709-CM25,ARTICULOS ASEO CM,12
1979-2712-SE25,SERVICIO DE PROVISIÓN E INSTALACIÓN DE REDES DE DATOS Y FUERZA ID 1979-28-LE25,12
1979-2716-CM25,ALIMENTOS ENTERALES CM,12
1979-2724-AG25,ALCOHOL GEL PARA MANOS BOLSA 950 ML generada por invitación a compra ágil: 1979-227-COT25,12
1979-2732-SE25,INSUMOS CLINICOS DESDE ID 1979-61-LQ25,12
2030-60-AG25,Productos de mercadería Oficio AYUDANTE DE COCINA,6
2030-61-AG25,Utensilios de cocina OFICIO GARZÓN,6
2042-229-AG25,Orden de Compra generada por invitación a compra ágil: 2042-276-COT25,6
2048-10162-SE25,ORDEN DE COMPRA DESDE 2048-102-LP24,6
2048-10165-TD25,Orden de Compra generada por Trato Directo ID 2048-545-FTD25,4
2048-10166-SE25,2048-71-LQ23,4
2048-10168-SE25,2048-96-LE24,4
2066-303-AG25,Orden de Compra POR MANT. DESFIBRILADOR generada por invitación a compra ágil: 2066-93-COT25,6
2069-13701-SE25,PMH-CP-08-2025 INSUMOS CLINICOS LR22,4
2069-13730-SE25,PMH-CP-08-2025 INSUMOS CLINICOS LQ23,4
2069-13811-CM25,PMH-CP-08-2025-INSUMOS CLINICOS ,4
2069-13831-AG25,PMH-CP-08-2025-INSUMOS CLINICOS ,4
2069-13832-AG25,PMH-CP-08-2025-INSUMOS CLINICOS ,4
2069-13833-AG25,PMH-CP-08-2025-INSUMOS CLINICOS,4
2069-13907-AG25,PMH-CP-08-2025-INSUMOS CLINICOS ,4
2078-246-AG25,Compra caja (01) para transporte de materiales toma de muestras. Marea Roja Central. SC 249.,6
2080-30625-SE25,NEFELOMETRIA MES MAYO 2025,6
2085-551-AG25,Burletes,12
2085-571-SE25,Servicio de vigilanciaJUNIO 2025,12
2085-589-SE25,Mantenimiento y Cetificacion de Autoclave,12
2085-595-TD25,Orden de Compra generada por Trato Directo ID 2085-16-FTD25,12
2085-611-SE25,Mantenimiento correctivo equipo de imagenología,12
2085-612-AG25,Mantenimiento Ambulancia ,12
2085-620-SE25,COMPRA UNIDAD PREVENCION DE RIESGOS HOSPITAL TRAI,12
2085-621-CC25,COMPRA GASES Y OXIGENOS CLINICOS HOSPITAL TRAIGUEN,12
2085-630-SE25,Mantenimiento  de Autoclave,12
2085-634-SE25,CONVENIO SUMINISTRO DE GAS,12
2085-639-CM25,Diesel para Hospital Traiguen,12
2085-648-CC25,COMPRA GASES Y OXIGENOS CLINICOS HOSPITAL TRAIGUEN,12
2085-657-AG25,COMPRA UNIDAD LABORATORIO HOSPITAL TRAIGUEN ,12
2085-659-SE25,CONVENIO SUMINISTRO DE GAS,12
2085-665-CC25,RETIRO REAS JUNIO 2025 PREFACTURA 509.263,12
2085-682-SE25,Servicio de vigilanciaJULIO 2025,4
2085-683-SE25,Servicio de Aseo Mes JULIO 2025,4
2123-203-AG25,E1O2RT9 DAS spp MEDIDIORES DE HUMEDAD EN MADERA (SAR 444),6
2131-781-SE25,ORDEN DESDE 2131-7-LR24 TERRAZAS DE QUINQUELLES,6
2131-783-TD25,Orden de Compra generada por Trato Directo ID 2131-20-FTD25,6
2133-1530-SE25,CONVENIO HCUCH,12
2133-1532-SE25,CONVENIO HCUCH,12
2133-1533-SE25,CONVENIO HCUCH,12
2133-1534-SE25,CONVENIO HCUCH,12
2133-1535-SE25,CONVENIO HCUCH,12
2133-1536-SE25,CONVENIO HCUCH,12
2133-1537-SE25,CONVENIO HCUCH,12
2133-1539-SE25,CONVENIO HCUCH,12
2133-1540-SE25,CONVENIO HCUCH,12
2133-1542-SE25,CONVENIO HCUCH,12
2136-612-SE25,SUMINISTRO ALIMENTOS HOSPITALIZADOS JULIO 2025,6
2138-176-AG25,COMPRA DE INSUMOS PARA PLANTA TRATAMIENTO NUEVO HOSPITALa compra ágil: 2138-137-COT25,6
2170-2768-AG25,SILLA PESA - SAN,12
2170-2840-AG25,LIJADORA ORBITAL,12
2176-378-AG25," Adquisición de bandera nacional exterior, bandera del Poder Judicial y bandera de Isla de Pascua solicitud de la ICAV y JLYG Isla de Pascua",6
2178-214-AG25,2 Neumáticos Mazda 6 PPU HKKV-67,5
2199-583-AG25,Enlace Internet Dedicado 2 Meses Ago-Sep,4
2207-871-AG25,Orden de Compra generada por invitación a compra ágil: 2207-918-COT25,6
2207-872-AG25,Orden de Compra generada por invitación a compra ágil: 2207-917-COT25,6
2258-19622-SE25,OC para 2258-189-LQ22 MAYO 2025,6
2258-19706-SE25,OC para 2258-189-LQ22 JUNIO 2025,6
2272-33-AG25,Orden de Compra generada por invitación a compra ágil: 2272-37-COT25,6
2281-2660-TD25,Orden de Compra generada por Trato Directo ID 2281-34-FTD25,6
2288-494-AG25,Orden de Compra generada por invitación a compra ágil: 2288-433-COT25,6
2288-496-AG25,Orden de Compra generada por invitación a compra ágil: 2288-432-COT25,6
2292-1014-SE25,MANTENCIÓN DE VEHÍCULO LHJK-81 / U. MOVILIZACION,6
229-569-SE25,SUMINISTRO COFFE BREACK ACTIVIDAD,6
2299-5-AG25,Recarga y mantención de extintores UUCC Arica (ORD N°3518),6
2306-858-AG25,"SERVICIO DE REEMPLAZO DE POSTE DE LUZ PARA ESCUELA RURAL PUCOIHUE, OSORNO, FONDOS DAEM, Orden de Compra generada por invitación a compra ágil: 2306-793-COT25",6
2307-3253-AG25, SE REQUIERE CARNET DE CONTROL MAIS - ECICEP (REQ.3115) CBS,6
2307-3275-AG25,ADQ. DE TOALLAS HOTELERAS CONV. REHABILITACIÓN INTEGRAL (REQ. N°3117) CBS - AAL,6
2335-806-AG25,SERVICIO DE ALOJAMIENTO OP.532 ID 2335-236-COT25,6
2341-360-AG25,Orden de Compra generada por invitación a compra ágil: 2341-361-COT25,6
2343-322-AG25,Orden de Compra generada por invitación a compra ágil: 2343-313-COT25 / Pedido N°679 / CTF.28 / ODDOC 4183829 / FONDOS EXTERNOS,6
2371-195-AG25,"Compra ágil: 2371-243-COT25; SP-298 DEL 11.06.2025 EXP. 11047, DEL PROGRAMA  MANTENCION DE AREAS VERDES COMUNALES AÑO 2025, DE LA DIRECCION DE MEDIO AMBIENTE, ASEO Y ORNATO",6
2380-1593-AG25," ADQUISICIÓN DE LAPTOP E IMPRESORA, USO ANALISIS DE DATOS EN OFICINA DE GESTIÓN Y CONTROL DAF SEGÚN OS N°141300",6
2395-740-AG25,Orden de Compra generada por invitación a compra ágil: 2395-638-COT25,6
2421-4168-AG25,"FUMIGACIÓN, DESRATIZACIÓN Y DESMALEZADO",6
2422-1037-SE25,    SOLCITUD   943146 ORDEN DE COMPRA DESDE 2422-91-LE25,4
2423-1155-SE25,SERV.ARRIENDO Y MANT. DE RADIOCOMUNICADORES,6
2424-1496-AG25,3926/P.161 SECPLA (JFO) DRON TIPO NANO 4K FHD Orden de Compra generada por invitación a compra ágil: 2424-2052-COT25,12
2424-1530-AG25,Orden de Compra generada por invitación a compra ágil: 2424-2107-COT25 (MTF) PED. 3286,6
2429-2390-AG25,Orden de Compra generada por invitación a compra ágil: 2429-728-COT25,4
2440-965-AG25,Orden de Compra generada por invitación a compra ágil: 2440-955-COT25,6
2448-651-SE25,SUM. MANTENCIÓN Y REPARACIÓN BOMBAS AGUA 2025-2026,6
2450-524-AG25,Orden de Compra generada por invitación a compra ágil: 2450-450-COT25,6
2455-125-AG25,Orden de Compra generada por invitación a compra ágil: 2455-37-COT25,6
2483-572-AG25,Orden de Compra generada por invitación a compra ágil: 2483-388-COT25,6
2484-546-AG25,Orden de Compra generada por invitación a compra ágil: 2484-565-COT25,6
2548-602-AG25, ADQUISICIÓN SERVICIO DIAGNÓSTICO INTEGRAL SISTEMA DE CALEFACCIÓN CESFAM Y SAR CONUNHUENU PADRE LAS CASAS 2548-209-COT25,6
2555-145-AG25,SIC 90 SIRE Compra de bandanas  ,6
2566-220-SE25,UTILES ESCOLARES PARA ESC. CRUZ MARIA,6
2582-102-SE25,ORDEN DE COMPRA DESDE 2582-72-LR24 diciembre 2024,6
2582-694-SE24,OC 12 MESES 2024 DESDE 2582-28-LE23 ,12
2594-700-AG25,Orden de Compra generada por invitación a compra ágil: 2594-556-COT25,6
2594-702-AG25,COLACIONES  PARA CLUB KING LION Orden de Compra generada por invitación a compra ágil: 2594-565-COT25,6
2594-705-AG25,MONOCULARES  DE SENDERISMO PARQUE LA ISLA Orden de Compra generada por invitación a compra ágil: 2594-567-COT25,4
2594-706-AG25,PASACALLES  ANIVERSARIO HUMEDAL Orden de Compra generada por invitación a compra ágil: 2594-574-COT25,4
2594-707-AG25,COLACIONES   ANVERSARIO HUMEDAL Orden de Compra generada por invitación a compra ágil: 2594-566-COT25,4
2605-50-AG25,COMPRA DE MATERIALES REPARACIONES INTERIORES C.G.A.(2605-39-COT25),4
2608-44-SE25,"ORDEN DE COMPRA DESDE 2608-6-L125, EJECUCIÓN PROYECTO SAAT ITSEP VALLENAR",6
2667-605-SE25,Hospedaje Cachorros,6
2667-621-SE25,"CONTRATO TRANSPORTES TRANSIBERICA LIMITADA: SERVICIOS MES DE MAYO 2025, DE SERVICIOS EVENTUALES DETRANSPORTES DE PASAJEROS, ÁREA EDUCACION, COLEGIO ANTARTICA CHILENA, CONTRATO SE READJUDICA MEDIANTEDECRETO ALCALDICIO SECCIÓN 1°N °3/2602, DE FECHA 29 DE AG",4
2667-623-SE25,"CONTRATO TRANSPORTES TRANSIBERICA LIMITADA: SERVICIOS MES DE MAYO 2025, DE SERVICIOS EVENTUALES DE TRANSPORTES DE PASAJEROS, ÁREA EDUCACION DE LICEO AMANDA LABARCA, CONTRATO SE READJUDICA MEDIANTE DECRETO ALCALDICIO SECCIÓN 1°N °3/2602, DE FECHA 29 DE AGO",4
2674-686-AG25,SERVICIO TRASLADO DE PERSONAL PROGRAMA DIDECO- PAF compra ágil: 2674-763-COT25,4
2674-687-AG25,1000 Manuales de convivencia  anillados con tapa dura,6
2674-692-AG25,ADQUISICION DE SILLAS EJECUTIVAS compra ágil: 2674-725-COT25,4
2674-693-AG25,ADQUISICION DE BALIZAS LED COLOR AMBAR PARA TECHO CAMIONETA Y AMPLIFICADOR SIRENA CON MICROFONO compra ágil: 2674-751-COT25,4
2676-595-AG25,SERV. DE PROD. Y DES. DE EVENTOS Y BANQUETERIA - DIECO,6
2682-292-AG25,MESA DE PING PONG,6
2682-293-AG25,CURSO CAPACITACIÓN COMPRAS PÚBLICAS,6
2711-307-AG25,CRA DEM FSEP COMPLEMENTARIODESOFTWARE,6
2713-709-AG25,SOLICITUD 848 PRODESAL INSUMOS FERTILIZANTES compra ágil: 2713-747-COT25,6
2723-103-SE25,Adqusición de Útiles de Aseo para el Centro Cultural ,12
2723-112-CM25,Adquisición de Vales de Gas Para Bienestar,12
2723-119-CM25,Adquisición de Petróleo Diesel y de Gasolina,12
2723-121-CM25,Adquisición de Vales de Gas para el Comité de Bienestar,12
2723-160-SE25,Servicios de Mantención y Reparación de Vehículos,12
2723-161-SE25,Servicios de Mantención y Reparación de Vehículos,12
2723-162-SE25,Servicios de Mantención y Reparación de Vehículos,12
2723-163-SE25,Servicios de Mantención y Reparación de Vehículos,12
2723-164-SE25,Servicios de Mantención y Reparación de Vehículos,12
2723-294-SE24,Servicios de Mantención y Reparación de Vehículos.,12
2723-326-SE24,Servicios de Mantención y Reparación de Vehículos.,12
2723-327-SE24,Servicios de Mantención y Reparación de Vehículos.,12
2723-345-SE24,Servicios de Mantención y Reparación de Vehículos.,12
2723-349-SE24,Servicios de Mantención y Reparación de Vehículos.,12
2723-34-CM25,Adquisición de Petróleo Diésel y de Gasolina,12
2723-350-SE24,Servicios de Mantención y Reparación de Vehículos.,12
2723-351-SE24,Servicios de Mantención y Reparación de Vehículos,12
2723-366-SE24,Servicio de Aseo en las Dependencias Municipales,12
2723-52-CM25,Adquisición de Combustible,12
2723-53-SE25,Servicios de Mantención y Reparación de Vehículos,12
2723-70-SE25,Servicios de Mantención y Reparación de Vehículos,12
2723-72-SE25,Servicios de Mantención y Reparación de Vehículos	,12
2723-77-SE25,Servicios de Mantención y Reparación de Vehículos.,12
2723-78-SE25,Servicios de Mantención y Reparación de Vehículos.,12
2723-83-SE25,Servicios de Mantención y Reparación de Vehículos,12
2723-87-SE25,Servicios de Mantención y Reparación de Vehículos,12
2723-88-SE25,Servicios de Mantención y Reparación de Vehículos.,12
2723-89-SE25,Servicios de Mantención y Reparación de Vehículos,12
2723-91-SE25,Servicios de Mantención y Reparación de Vehículos,12
2723-92-SE25,Servicios de Mantención y Reparación de Vehículos,12
2723-99-CM25,Adquisición de Petróleo Diesel y de Gasolina,12
2734-520-AG25,GDA-46457 PLM-DS Servicio de arriendo de retroexcavadora para centro COSAM,6
2735-1064-AG25,"ADQUISICIÓN DE: 195 CAJAS DE LOSARTAN/HIDROCLOROTIAZIDA  50/12,5 MG CAJA X 30 COMPRIMIDOS. #117053# .",12
2735-1128-AG25,ADQUISICIÓN DE: 55 CAMAS APILABLES JUNJI ,4
2735-1147-AG25,ADQUISICIÓN DE: 05 MUESTRAS MICROSCÓPICAS –  EL CUERPO HUMANO TEJIDOS PATOLÓGICOS II  ,4
2735-1152-AG25,"“ADQUISICIÓN DE CARBONATO DE CALCIO 800 MG  (EQUIVALENTE A 320 MG DE CALCIO IONICO);  COLECALCIFEROL 1,250 MG (EQUIVALENTE A 125 U.I. DE VITAMINA D3)”",4
2735-903-AG25,AQUISICIÓN DE “APÓSITO DE ALGINATO EN MECHA”,12
2735-951-AG25,"ADQUISICIÓN MEDICAMENTO PARA LA FARMACIA COMUNAL SEMAGLUTIDA 7 MG, compra ágil: 2735-1021-COT25",12
2744-369-SE25,ORDEN DE COMPRA DESDE 2744-29-LE25,6
2744-370-AG25,Orden de Compra generada por invitación a compra ágil: 2744-240-COT25,4
2755-396-AG25,Impresora programa familiar integral: 2755-259-COT25,4
2759-640-SE25,Hilos y Telas Sol. 187 Administración Municipal ,6
2783-555-TD25,Orden de Compra generada por Trato Directo ID 2783-472-FTD25,6
2794-64-SE25,CS Mantencion y Operacion Planta Rio Blanco,6
2825-352-AG25,TONER Y TAMBORES IMPRESORA,6
2862-108-AG25,Orden de Compra generada por invitación a compra ágil: 2862-102-COT25,4
2904-707-SE25,Adquisición de Insumos - Instalación de Faroles,6
2950-2412-AG25,ADQUISICION DE VIVERES 2950-322-COT25,6
2950-2414-AG25,ADQUISICION DE VIVERES 2950-326-COT25,6
2992-441-SE25,CONVENIO DE FERRETERIA,6
2992-448-SE25,CONVENIO DE COLACIONES,6
2992-449-SE25,CONVENIO DE COLACIONES,6
2992-451-SE25,CONVENIO DE FERRETERIA,6
2996-194-AG25,Insumos Abarrotes,6
3000-1033-AG25,Cantante Solista - Unidad de Cultura,6
3013-655-SE25,ORDEN DE COMPRA DESDE 3013-3-L125,6
3016-298-SE25,Galvanos para Premiación en Celebración “Día del C,6
3016-299-AG25,Orden de Compra generada por invitación a compra ágil: 3016-104-COT25,6
3017-587-AG25,Orden de Compra generada por invitación a compra ágil: 3017-563-COT25,6
3024-841-SE25,APOYO TRANSPORTE ESCOLAR // 3024-10-LE25,6
3024-849-AG25,"Colaciones por ley sep, para Escuela San Isidro por invitación a compra ágil: 3024-882-COT25",6
3024-857-AG25,"Materiales para huerto escolar por ley sep, para Escuela Santa Adriana por invitación a compra ágil: 3024-879-COT25",6
3038-127-SE25,MATERIAL PEDAGOGICO ESC. OLGA DE GOMEZ,6
3038-128-SE25,MATERIALES ESCUELA EDUVIGIS PANTOJA,6
3038-129-SE25,MATERIAL PEDAGOGICO ESC JUANA GONZALEZ,6
3047-347-AG25,LLAVE PRE-LAVADO,6
3117-1044-AG25,PRODUCTOS FRIGOBAR MARE NOSTRUM,6
3171-139-AG25,"SERVICIO DE LIMPIEZA DE FOSA ESCÉPTICA PARA LA LOCALIDAD DE PUERTO BAHAMONDES, DEPENDIENTE DE LA ALCALDIA DE MAR DEL LAGO O´HIGGINS",12
3171-140-AG25,"SERVICIO DE MANTENIMIENTO CORRECTIVO Y PREVENTIVO A 03 VEHÍCULOS FISCALES, DEPENDIENTES DE LA GOBERNACIÓN MARÍTIMA DE AYSÉN.",12
3171-143-AG25,ADQUISICIÓN DE SERVICIO MANTENIMIENTO PREVENTIVO Y CORRECTIVO DE 03 VEHÍCULOS FISCALES.,12
3171-145-SE25,ADQUISICIÓN DE REPUESTOS PARA GIROCOMPAS DE UNIDAD MARÍTIMA TIPO LPC,12
3171-146-TD25,Orden de Compra generada por Trato Directo ID 3171-1-FTD25,12
3171-147-SE25,ARRIENDO IMPRESORAS GMAYS JUNIO 2025,12
3177-214-AG25,Compra de Textos para Colegio Bellavista con cargo a Fondos SEP. Orden de Compra generada por invitación a compra ágil: 3177-77-COT25. Orden de Compra 3177-214-AG25,6
3201-227-AG25,"AUDIFONOS E IMPRESORA , ESCUELA ALBORADA, LONCOCHE",6
3206-272-SE25,ORDEN DE COMPRA DESDE 3206-35-L125,6
3221-35-AG25,Víveres frescos comercio local por invitación a compra ágil: 3221-32-COT25,4
3246-274-AG25,G31 CSA ADQ. ALCOHOL ISOPROPILICO FACH ANTOFAGASTA. Compra ágil: 3246-280-COT25,6
3256-60-TD25,Orden de Compra generada por Trato Directo ID 3256-8-FTD25,12
3299-262-TD25,Orden de Compra generada por Trato Directo ID 3299-73-FTD25,6
3316-113-CM25,Orden de Compra: 3316-113-CM25,12
3316-122-CM25,Orden de Compra: 3316-122-CM25,12
3316-151-CM25,Orden de Compra: 3316-151-CM25,12
3316-152-SE25,SUMINISTRO DE PANADERIA PARA LA ESUCAR,12
3316-154-CM25,Orden de Compra: 3316-154-CM25,12
3316-227-SE24,ORDEN DE COMPRA DESDE 3316-18-LE24,12
3316-5-CM25,Orden de Compra: 3316-5-CM25,12
3355-335-AG25,PRODUCTOS FARMACEUTICOS (SOUTHERN VANGUARD) desde compra ágil: 3355-210-COT25,6
3377-106-CM25,ADQ. DE PAN Y EMPANADAS PARA EL RANCHO CENTRALIZADO DEL REGIMIENTO ,6
3381-128-AG25," ADQ DE ELEMENTOS PARA REPARACION DE LA SECCION DE ARTILLERIA MONTADA, CUADRA SLCS, Y RANCHO DE TROPA DE ESTA UR.3381-150-COT25",4
3381-138-AG25,ADQ DE VACUNAS ANTIGRIPAL EQUIA compra ágil: 3381-160-COT25,4
3381-141-CM25,ADQ DE COLACIONES PARA EL RANCHO DE TROPA,4
3381-142-AG25,"Servicio de reparación de la boca de toma perteneciente al Regimiento Escolta Presidencial Nº 1 “Granaderos”, para el canal Waddington.",4
3438-141-AG25,ADQUISICIÓN DE MATERIALES PARA EL MANTENIMIENTO DEL ALMACEN DE VESTUARIO Y EQUIPO DE LA ESCUELA DE INFANTERÍA,6
3443-582-SE25,"ADQUISICIÓN DE ALIMENTOS PARA ATENCIÓN DE USUARIOS PRODESAL PROVENIENTES DE LOS DIFERENTES SECTORES RURALES DE LA COMUNA EN ACTIVIDAD DENOMINADA ""ENCUENTRO DEL CAMPESINO Y CAMPESINA 2025""",6
3443-585-SE25,ADQUISICIÓN DE ALIMENTOS PARA ATENCIÓN DE USUARIAS PDTI PARA EL DÍA DEL CAMPESINO Y CAMPESINA 2025,6
3443-591-AG25,"SERVICIO DE PODOLOGÍA PARA USUARIOS/AS, CUIDADORES Y CUIDADORAS PRINCIPALES DEL PRLAC PURRANQUE",6
3445-279-TD25,Orden de Compra generada por Trato Directo ID 3445-67-FTD25,6
3453-349-CM25,GAS A GRANEL 9.000 LITROS,4
3453-353-AG25,ADQUISICIÓN DE LAMPARAS PARA LOS SERVICIOS INTRACUARTEL DE LOS CARABINEROS ALUMNOS DE LA ESCUELA DE FORMACIÓN DE CARABINEROS. Proviene compra ágil: 3453-112-COT25,4
3453-354-AG25,ADQUISICIÓN DE INSUMOS PARA LA COMISION RANCHO DE LA ESCUELA DE FORMACIÓN DE CARABINEROS. Proviene compra ágil: 3453-110-COT25,4
3497-325-AG25,Orden de Compra generada por invitación a compra ágil: 3497-236-COT25 NEUMATICOS CAMIONES JAC,6
3518-372-SE25,"SC 316, LEÑA LICEO LUIS DURAND/EDUCACION",6
3526-192-SE25,SERVICIO DE TRANSPORTE DE PERSONAL,6
3588-336-TD25,Orden de Compra generada por Trato Directo ID 3588-27-FTD25,6
3593-279-AG25,Orden de Compra generada por invitación a compra ágil: 3593-304-COT25,6
3603-3630-AG25,Orden de Compra generada por invitación a compra ágil: 3603-584-COT25,6
3603-3633-AG25,Orden de Compra generada por invitación a compra ágil: 3603-590-COT25,6
3606-141-AG25,EXAMENES DE ENDOSCOPIA DIGESTIVA ALTA,6
3621-251-AG25,SERVICIO TALLER DE HIDROPONIA,6
3637-208-AG25,SERVICIO DE ARRIENDO RETROEXCAVADORA ,6
3656-525-SE25,ORDEN DE COMPRA DESDE 3656-55-L125,6
3656-531-SE25,ORDEN DE COMPRA DESDE 3656-196-LE24,6
3656-532-SE25,ORDEN DE COMPRA DESDE 3656-196-LE24,6
3656-533-AG25,Orden de Compra generada por invitación a compra ágil: 3656-91-COT25,6
3656-69-SE25,ORDEN DE COMPRA DESDE 3656-18-LE25,6
3695-581-TD25,Orden de Compra generada por Trato Directo ID 3695-154-FTD25,6
3697-388-SE25,"ADQ. POR CTTO. DE SUM. DE AMPLIFICACION AÑO 2024-2026, CULTURA VIVA.-",12
3697-447-SE25,CTTO. SUM. ARRIENDO DE EQUIPO PSICOTECNICO. DEPTO. TRANSITO.-	,12
3697-610-SE25,ADQ. POR CTTO DE SUM. DE SERVICIO DE TRANSPORTE AÑO 2025-2027/ DIDECO OFICINA DE DEPORTES	,12
3697-615-SE25,"ADQ. POR CTTO. DE SUM. DE MAT. DE CONSTRUCCION AÑO 2025-2027, LINEA 1, ELEAM VICTORIA.-	",12
3697-640-SE25,"CTTO. DE SUM. DE SERVICIO DE TRANSPORTE AÑO 2025-2027, DEPORTES.-	",12
3703-354-AG25,Orden de Compra generada por invitación a compra ágil: 3703-268-COT25_UPS INFORMATICA,6
3704-247-AG25,Adquirir 80 collares de cuero ,6
3704-499-SE14,ORDEN DE COMPRA DESDE 3704-93-LE14,6
3706-285-AG25,Tazación de terrenos,9
3708-478-SE25,Adquisición dulces SA-170 OPD,6
3709-761-SE25,"3709-29-LE25 COMPRA PARLANTES PARA APOYAR EL PROCESO DE ENSEÑANZA DE LOS ESTUDIANTES ESC. PATRICIO LYNCH, SEP ",6
3709-821-SE25,"3709-51-LQ24, COMPRA MATERIALES DE FERRETERIA  PARA MANTENCIONES EN EL ESTABLECIMIENTO, PEHUENCO MANTENIMIENTO",6
3709-824-SE25,3709-1-LP25 COMPRA MATERIAL ELECTRICO LICEO B-10 MANTENIMIENTO,6
3709-832-SE25,3709-29-LE25 COMPRA AUDIFONOS ESC. M GEBERT SEP,6
3709-834-SE25,3709-29-LE25 COMPRA ACCESORIOS COMPUTACIONALES SAN PEDRO SEP,6
3709-836-SE25,3709-1-LP25 COMPRA LAMPARA ESC. M GEBERT MANTENIMIENTO,6
3714-253-AG25,Desactivación del sistema DPF en dos vehículos del DAEM RQ355 desde 3714-317-COT25,4
3729-93-TD25,Orden de Compra generada por Trato Directo ID 3729-5-FTD25,6
3746-92-SE25,SERVICIO TRANSPORTE ESCOLAR SAN IGNACIO 2025,6
3759-807-TD25,Orden de Compra generada por Trato Directo ID 3759-525-FTD25,6
3759-826-TD25,Orden de Compra generada por Trato Directo ID 3759-538-FTD25,6
3759-827-TD25,Orden de Compra generada por Trato Directo ID 3759-539-FTD25,6
3762-3096-SE25,PINTACAL - DEPORTES,6
3762-3100-SE25,SENDERO ALFOMBRA - SECRETARIA MUNICIPAL,6
3776-490-TD25,Orden de Compra generada por Trato Directo ID 3776-208-FTD25,6
3791-791-AG25,Orden de Compra generada por invitación a compra ágil: 3791-676-COT25,6
3794-3256-CM25,Orden de Compra: 3794-3256-CM25,6
3794-3257-CM25,COMISION DE SERVICIO,6
3794-3258-CM25,COMISION DE SERVICIO,6
3796-287-AG25,Vasos y otros 3796-236-COT25,6
3796-288-AG25,Materiales de Oficina 3796-237-COT25,6
3797-487-SE25,ARTICULOS OFICINA PROGRAMA OMIL,6
3822-209-AG25, a compra ágil: 3822-90-COT25  SOFWARE DE REALIDAD AUMENTADA PARA LA ESPECIALIDAD DE MINERÍA SOLC N° 417,6
3833-551-AG25, SERVICIO DE TRASLADO-SECRETARIA MUNICIPAL-compra ágil: 3833-522-COT25,6
3833-562-TD25,Orden de Compra generada por Trato Directo ID 3833-38-FTD25,6
3869-664-AG25,Orden de Compra generada por invitación a compra ágil: 3869-791-COT25,6
387-463-AG25,Compra de mobiliario y cilindros de gas(compra ágil: 387-400-COT25),6
3880-399-AG25,"ADQ. Y REPOSICION DE EQUIPOS TECNOLOGICOS Y CAMARAS DE SEGURIDAD, SEGURIDAD PUBLICA 3880-371-COT25",6
3897-394-TD25,Orden de Compra generada por Trato Directo ID 3897-270-FTD25,6
3937-265-AG25,PROFESOR EDUCACION FISICA PROGRAMA AGL RES EXENTA N° 16.166,6
3962-429-AG25,Orden de Compra generada por invitación a compra ágil: 3962-198-COT25,6
4017-60-AG25,Orden de Compra generada por invitación a compra ágil: 4017-79-COT25,6
4022-478-AG25,"SERV. COFFEE BREAK P/TALLER PROG. EDLI, PUTRE 28.07.2025  C.A: 4022-655-COT25",6
4034-531-AG25,"ADQUISICIÓN DE ZAPATILLAS UNISEX PARA ESCUELA F-839, ORD N° 111 , FONDOS SEP 90%",5
4034-559-AG25,"SERVICIO DE TRANSPORTE PARA 34 ESTUDIANTES A REGIONAL DE ATLETISMO EN COMUNA DE CORONEL, SP 15 - FONDOS EXTRAESCOLAR",6
4050-451-AG25,"ADQUISICIÓN DE TROFEOS Y MEDALLAS, FUTBOL COMUNAL",6
4057-340-AG25, ADQ. MATERIAL ESCOLAR ESC. L. VASQUEZ SEP.-Orden de Compra generada por invitación a compra ágil: 4057-359-COT25,6
4058-151-AG25,"IMPLEMENTACION PMI DEL DSM,MOBILIARIO,  Orden de Compra generada por invitación a compra ágil: 4058-193-COT25",6
4062-610-AG25,Orden de Compra generada por invitación a compra ágil: 4062-651-COT25,4
4062-611-AG25,Orden de Compra generada por invitación a compra ágil: 4062-654-COT25,4
4079-377-SE24,HORMIGON Y ARENA- MEJORAMIENTO CEMENTERIO MTE AGU ,6
4079-431-SE25,"CABLE DE RED Y SWITCH POE, EDIFICIO CONSISTORIAL",6
4079-483-SE25,"LIMPIEZA DE FOSAS, FAMILIA ESCASOS RECURSOS",6
4132-159-CM25,ADQUISICION DE FRUTAS Y VERDURAS PARA LA ESCUELA DE FORMACION DE CARABINEROS GRUPO ANCUD ,4
4152-591-AG25,ARTICULOS DE REPOSTERIA Y OTROS 4152-613-COT25,6
418-1896-AG25,LCM-CALZON CLINICO DESECHABLE ,6
418-2168-AG25,LCM-INSUMOS DENTALES ESPECIALIDADES,6
418-2238-TD25,Orden de Compra generada por Trato Directo ID 418-913-FTD25,6
4197-267-AG25,Orden de Compra generada por invitación a compra ágil: 4197-226-COT25,6
4201-546-AG25,Orden de Compra generada por invitación a compra ágil: 4201-443-COT25,6
4282-153-AG25,"Orden de Compra generada por invitación a compra ágil: 4282-104-COT25. Adquisición de material de aseo María Teresa del Canto Molina, Rebeca Johnson, Santa Margarita, San José, El Cobre La Colonia y DAEM  (Subvención General)",6
4306-336-AG25,Orden de Compra generada por invitación a compra ágil: 4306-345-COT25,6
4309-14028-SE25,ORDEN DE COMPRA DESDE 4309-320-LE24,4
4315-282-AG25,CORTAVIENTOS PARA TALLER DE DANZA LICEO BICENTENARIO LUIS CORREA ROJAS,5
4324-131-SE25,"ATENCIONES OFTALMOLOGIA, ORDEN DE COMPRA DESDE 432",6
434-484-SE25,ORDEN DE COMPRA DESDE 434-64-LE25,6
4375-2346-CM25,JUGOS AGOSTO CENTRAL HGGB Y PSIQUIATRIA,6
4406-550-AG25,Orden de Compra generada por invitación a compra ágil: 4406-431-COT25,4
4439-18-AG25,DESBROZADORAS,6
4454-630-AG25,SERVICIO DE TRASLADO DIDECO,6
4461-16-AG25,Orden de Compra generada por invitación a compra ágil: 4461-2-COT25,6
4491-389-AG25,MATERIALES FERRETERÍA (DEM_SS.GG./MEMO 49): 4491-279-COT25,6
4497-46-SE24,Arriendo de Equipos de Gabinete Psicotécnico DESDE 4497-27-LE24,12
4642-2264-SE25,"2483296 Contratación por 36 Meses, para el Servicio de Aseo Integral Administrativo en Consultorio San Antonio ORDEN DE COMPRA DESDE 4642-29-LP25",6
4686-438-TD25,Orden de Compra generada por Trato Directo ID 4686-272-FTD25,6
4776-759-AG25,ADQUISICIÓN DE MATERIALES PARA REPARACIÓN DE CUBIERTAS DE MESA Compra ágil: 4776-474-COT25,6
4784-2-AG25,Servicio de Sanitización y Control de Plagas MUARSE,12
4817-3091-SE25,INSUMOS PARA TRAQUEOSTOMÍA,4
4817-3094-SE25,INSUMOS PARA TRAQUEOSTOMÍA	,4
4817-3364-SE25,Catgut simple y cromado,4
4817-3593-SE25,ORDEN DE COMPRA DESDE 5184-42-LP25	,4
4817-3594-SE25,ORDEN DE COMPRA DESDE 5184-42-LP25	,4
4817-3595-SE25,APÓSITO PRIMARIO TRANSPARENTE NO ADHERENTE 	,4
4817-3597-SE25,ORDEN DE COMPRA DESDE 5184-42-LP25,4
4817-3600-SE25,INSUMOS PARA TRAQUEOSTOMÍA,4
4817-3605-SE25,INSUMOS PARA PACIENTES CRÍTICOS	,4
4817-3610-SE25,Hilo Lino y Agujas,4
4817-3611-SE25,HOJAS BISTURÍ ,4
4817-3613-SE25,DISPOSITIVOS MÉDICOS USADOS POR UNIDAD DE GINECOLO,4
4817-3632-SE25,INSUMOS HOSPITAL DE LINARES	,4
4817-3634-SE25,INSUMOS HOSPITAL DE LINARES,4
4817-3647-SE25,Insumos para gastroenterología	,4
4817-3649-SE25,ARTÍCULOS DE ORTOPEDIA,4
4817-3650-SE25,ARTÍCULOS DE ORTOPEDIA ,4
4817-3652-SE25,TEST ROTURA DE MEMBRANAS,4
4817-3653-SE25,CATÉTER TORÁCICO CON TROCAR	,4
4817-3654-SE25,AGUJAS TROCAR DE PABELLÓN Y OTROS ,4
4817-3655-SE25,INSUMOS PARA VENTILACIÓN MECÁNICA INVASIVA Y OTROS,4
4817-3656-SE25,INSUMOS PARA TRAQUEOSTOMÍA	,4
4817-3660-SE25,SUTURAS POLIGLACTINA,4
4817-3661-SE25,INSUMOS DE UROLOGÍA,4
4817-3663-SE25,Insumos para gastroenterología,4
4817-3664-SE25,AGUJAS HIPODÉRMICAS EQUIPO DE INFUSIÓN Y JERINGAS ,4
4817-3667-SE25,INSUMOS DE UROLOGÍA ,4
4817-3699-SE25,AGUJAS TROCAR DE PABELLÓN Y OTROS	,4
4817-3700-AG25,Orden de Compra generada por invitación a compra ágil: 4817-427-COT25,4
4817-3701-SE25,LENTES INTRAOCULARES E INSUMOS COMPATIBLES CON FAC,4
4817-3704-SE25,LENTES INTRAOCULARES E INSUMOS COMPATIBLES CON FAC,4
4817-3712-SE25,KIT OFTALMOLÓGICO ESTÉRIL,4
4817-3715-SE25,LENTES INTRAOCULARES E INSUMOS COMPATIBLES CON FAC,4
4817-3716-SE25,LENTES INTRAOCULARES E INSUMOS COMPATIBLES CON FAC,4
4857-446-SE25,Transporte Escolar Linea 1 Chacuiví Ranquilhue: SEP/FAEP.,6
4857-458-SE25,Transporte Escolar Linea 2 Mapudungun San Ramón. Pro-Retenc/SEP.,6
4857-469-SE25,Transporte Escolar Linea 2; Héctor I. Carrasco. Traspaso/Pro-Retención.,6
4858-605-AG25,Orden de Compra generada por invitación a compra ágil: 4858-474-COT25,5
4858-610-AG25,Orden de Compra generada por invitación a compra ágil: 4858-470-COT25,6
4883-195-TD25,Orden de Compra generada por Trato Directo ID 4883-92-FTD25,6
4886-98-TD25,Orden de Compra generada por Trato Directo ID 4886-41-FTD25,6
4931-118-AG25,Orden de Compra generada por invitación a compra ágil: 4931-100-COT25,12
4931-120-AG25,Orden de Compra generada por invitación a compra ágil: 4931-101-COT25,6
4950-63-SE25,Desobstrucción con hidrojet clarificador PTAS,4
4950-64-SE25,Contratación Sistema Operativo (software) para Servicio Municipal de Agua Potable de Puerto Octay,4
4965-502-SE25,Abarrotes para Taller Gastronomía del Instituto Cardenal Caro.-,4
4993-481-AG25,Orden de Compra generada por invitación a compra ágil: 4993-273-COT25,5
5056-1957-TD25,Orden de Compra generada por Trato Directo ID 5056-339-FTD25,6
5056-1963-TD25,Orden de Compra generada por Trato Directo ID 5056-154-FTD25,6
5087-27-SE25,"3709-51-LQ24, material ferretería Liceo",6
5090-4-AG25,Recarga y mantención de extintores UUCC La Serena (ORD N°3518),6
5110-241-SE25,ADQUISICIÓN DE ALIMENTOS ESCUELA BERTOLDO HOFMANN KAHLER,6
5147-210-SE25,Artículos de aseo para vehículos municipales,6
514848-834-SE25,TRANSPORTE ESCOLAR LICEO LOS CASTAÑOS,6
5153-1782-AG25,"GFB_LIMPIEZA DE ALCANTARILLADO, MMN 688, OCI 203624: 5153-1924-COT25",6
5178-3584-AG25,110107/B1/SP 1006815/ID 5178-3945-COT25 JL,6
5326-944-AG25,INSUMO STOCK BODEGA (FERULA DIGITAL 2.0),6
5349-1533-SE25,"SERVICIOS MEDICOS ESPECIALIZADOS PARA LA REALIZACIÓN DE EXAMENES DE HISPATOLOGIA, CITOPATOLOGIA E INMUNOHISTOQUIMICA JUNIO 2025",6
539119-4252-CM25,ADQUISICIÓN DE ARTICULOS DE FERRETERIA PARA COMISIÓN CASTILLO BRUNET,12
539119-4343-SE25,"B.1 SUMINISTRO DE ABARROTES, PARA COMISIÓN CASTILLO BRUNET, SEGÚN PEDIDO N°2 DEL MES DE JULIO DEL AÑO 2025. DEPENDIENTE DE LA DIRECCIÓN DE BIENESTAR, DESDE LICITACION  539119-69-LQ24",12
539119-4559-SE25,SUMINISTRO DE FRUTAS Y VERDURAS MES DE JULIO 2025 PARA LA COMISIÓN ADMINISTRATIVA CASTILLO BRUNET ADMINISTRADA POR EL DEPARTAMENTO RECREACIONAL Y GASTRONÓMICO B.1. DE LA DIRECCIÓN DE BIENESTAR DE CARABINEROS LICITACIÓN 539119-36-LE24,12
5394-414-AG25,C.A. – ADQUISICIÓN EQUIPAMIENTO TECNOLÓGICO.SOL.151903,6
5413-794-CM25,Orden de Compra: 5413-794-CM25,6
547640-141-CM25,PAÑALES CONVENIO PROGRAMA ATENCIÓN DOMICILIARIA / Orden de Compra: 547640-141-CM25,6
548874-194-SE25,ACUERDO COMPLEMENTARIO SERVICIO DESARROLLO APLICATIVO WORKFLOW 2.0,6
554734-189-SE25,TRASLADO,6
5563-76-AG25,Finanzas UNITAS - Adquisición de Escala Práctico,6
5626-538-AG25,IMPRESION FONDEF ID24I10214 - R.ALVAREZ,6
5647-131-TD25,Orden de Compra generada por Trato Directo ID 5647-9-FTD25,12
5647-162-CM25,Adquisición de 100 vales de gas 11 kg para Estufas 5647-162-CM25,12
5647-261-CM24,Orden de Compra: 5647-261-CM24,12
5647-299-AG24,Serv desinsectación y desratización: 5647-62-COT24,12
5647-30-TD25,Orden de Compra generada por Trato Directo ID 5647-3-FTD25,12
5647-31-TD25,Orden de Compra generada por Trato Directo ID 5647-4-FTD25,12
5647-58-TD25,Orden de Compra generada por Trato Directo ID 5647-5-FTD25,12
565973-104-SE25,petroleo(ape) 2° julio-25,6
565973-105-SE25,gasolina(ape) 2° julio-25,6
5702-581-AG25,C.P. ARICA (P2) COMPRA DE SILLA DE ESCRITORIO PARA EL AREA TECNICA – SECCIÓN JUVENILES (PRS),6
5769-162-AG25,HERRAMIENTAS PARA CAMPO DEPORTIVO 5769-71-COT25,6
585-164-AG25,Servicio de adquisición de 2 pasajes aéreos internacionales Exp.77005 JPV,6
5865-89-AG25,"Orden de Compra generada por invitación a compra ágil: 5865-49-COT25, SNAC, AGUAS Y JUGOS, ACTIVIDADES HPV II - TRABAJO SOCIAL, O/C 2025080006",6
5907-84-AG25,"Compra indumentaria para personal,memo n°05/2025-Asesora Gabinete",6
608-21624-AG25,(ARC) Bodega Central compra ágil desde: 608-4476-COT25,4
608-21647-AG25,(ARC) Bodega Central compra ágil desde: 608-4638-COT25,4
608-21714-AG25,ern LABORATORIO - AGOSTO compra ágil: 608-4689-COT25,4
608-21723-AG25,(ARC) Bodega Central compra ágil desde: 608-4639-COT25,4
617807-7160-TD25,Orden de Compra generada por Trato Directo ID 617807-1387-FTD25,6
635-3875-AG25,COMPRA DE COLACIONES,6
646-91-SE25,ARRIENDO GENERADOR ELECTRICO PARA CUENTA PUBLICA,6
692260-1-AG25,Orden de Compra generada por invitación a compra ágil: 692260-1-COT25,4
697057-67-AG25,Compra cajas americanas,6
707409-76-AG25,Orden de Compra generada por invitación a compra ágil: 707409-77-COT25,6
707409-77-AG25,Orden de Compra generada por invitación a compra ágil: 707409-75-COT25,6
707412-57-AG25,INSUMO DE COFFE - ENCUENTRO CON FAMILIA,6
758004-127-AG25,"Orden de Compra generada por invitación a compra ágil: 758004-79-COT25 ""Accesorios comunicacionales""",6
758-613-AG25,"SC 21325 MANTENIMIENTO PREVENTIVO 110.000 KM., CAMIONETA NISSAN, SENAPRED REGIÓN ANTOFAGASTA",6
765-278-AG25, compra ágil: 765-51-COT25 Servicio de producción de eventos de apoyo Segunda versión Trafkintu en tiempos Pukem comuna de Nueva Imperial,6
769-4715-AG25,769-207-COT25 LICENCIA POR VOLUMEN DP TECNOLOGIA DE LA INFORMACION,6
812261-4893-AG25,Orden de Compra generada por invitación a compra ágil: 812261-443-COT25,6
842082-36-AG25,Adquisición de víveres especiales para stock del pañol de la unidad ,6
875646-4483-CM25,CVA INSUMO EXTRA AGOSTO 2025,4
875646-4484-SE25,CVA INSUMO EXTRA AGOSTO 2025 875646-22-LR24,4
875646-4485-SE25,CVA INSUMO EXTRA AGOSTO 2025 875646-22-LR24,4
875646-4486-TD25,Orden de Compra generada por Trato Directo ID 875646-661-FTD25,4
899-548-SE25,SERVICIO DE ENDODONCIAS JUNIO Y JULIO 2025,6
923000-133-SE25,SUMINISTRO POR ALIMENTOS COLEGIOS OLIVAR,6
930-232-SE25,MERCHANDISING Y VESTUARIO DEPORTIVO DESDE 930-12-LE25_PROG. DPS (REQ. N°05),6
934-144-SE25,TRASLADOS EN BUS	,6
956-1545-SE23,"Id 956-10-LE23 Aumento Mantenimiento Preventivo para los equipos del Sistema de Radiocomunicación VHF y HF de la Red de Hosp del SSVSA y del Sistema de Atención Médica Móvil de Urgencia SAMU, Id 956-10-LE23, Item N°04 HCVB Valpo",12
956-1546-SE23,"Id 956-10-LE23 Aumento Mantenimiento Preventivo para los equipos del Sistema de Radiocomunicación VHF y HF de la Red de Hosp del SSVSA y del Sistema de Atención Médica Móvil de Urgencia SAMU, Id 956-10-LE23, Item N°03 SAMU Valpo",12
956-1548-SE23,"Id 956-10-LE23 Aumento Mantenimiento Preventivo para los equipos del Sistema de Radiocomunicación VHF y HF de la Red de Hosp del SSVSA y del Sistema de Atención Médica Móvil de Urgencia SAMU, Id 956-10-LE23, Item N°08 HCV San Antonio",12
956-188-SE23,"Id 956-10-LE23 Mantenimiento Preventivo para los equipos del Sistema de Radiocomunicación VHF y HF de la Red de Hosp del SSVSA y del Sistema de Atención Médica Móvil de Urgencia SAMU, Id 956-10-LE23, Item N°01 SSVSA",12
956-191-SE23,"Id 956-10-LE23, Mantenimiento Preventivo para los equipos del Sistema de Radiocomunicación VHF y HF de la Red de Hosp del SSVSA y del Sistema de Atención Médica Móvil de Urgencia SAMU, Item N°02 SAR",12
956-192-SE23,"Id 956-10-LE23, Mantenimiento Preventivo para los equipos del Sistema de Radiocomunicación VHF y HF de la Red de Hosp del SSVSA y del Sistema de Atención Médica Móvil de Urgencia SAMU, Item N°03 SAMU VALPO",12
956-193-SE23,"Id 956-10-LE23, Mantenimiento Preventivo para los equipos del Sistema de Radiocomunicación VHF y HF de la Red de Hosp del SSVSA y del Sistema de Atención Médica Móvil de Urgencia SAMU, Item N°04 HCVB",12
956-194-SE23,"Id 956-10-LE23, Mantenimiento Preventivo para los equipos del Sistema de Radiocomunicación VHF y HF de la Red de Hosp del SSVSA y del Sistema de Atención Médica Móvil de Urgencia SAMU, Item N°05 HEP Valpo",12
956-195-SE23,"Id 956-10-LE23, Mantenimiento Preventivo para los equipos del Sistema de Radiocomunicación VHF y HF de la Red de Hosp del SSVSA y del Sistema de Atención Médica Móvil de Urgencia SAMU, Item N°06 HDS Valpo",12
956-196-SE23,"Id 956-10-LE23, Mantenimiento Preventivo para los equipos del Sistema de Radiocomunicación VHF y HF de la Red de Hosp del SSVSA y del Sistema de Atención Médica Móvil de Urgencia SAMU, Item N°07 HSJ Casablanca",12
956-197-SE23,"Id 956-10-LE23, Mantenimiento Preventivo para los equipos del Sistema de Radiocomunicación VHF y HF de la Red de Hosp del SSVSA y del Sistema de Atención Médica Móvil de Urgencia SAMU, Item N°08 HCV San Antonio",12
956-198-SE23,"Id 956-10-LE23, Mantenimiento Preventivo para los equipos del Sistema de Radiocomunicación VHF y HF de la Red de Hosp del SSVSA y del Sistema de Atención Médica Móvil de Urgencia SAMU, Item N°09 Repetidor Cerro Colorado Valpo",12
956-199-SE23,"Id 956-10-LE23, Mantenimiento Preventivo para los equipos del Sistema de Radiocomunicación VHF y HF de la Red de Hosp del SSVSA y del Sistema de Atención Médica Móvil de Urgencia SAMU, Item N°10 Repetidor Cerro Centinela San Antonio",12
956-668-SE25,"Id 956-61-LE24, Servicios de Incineración de Sustancias y Residuos Ley N°20.000, Prefactura N°511.270 del 28Jul25",12
957865-314-CM25,Pasaje aereo Leila Nash - Stgo- Iquique- Stgo-  Diligencia 04 al 09 agosto - Pisagua,6
994-274-SE25,REPARACION BULLDOZER ORUGA $2.756.191,6
994-283-SE25,REPARACION FURGON PESAJE $348.879,6
994-292-SE25,REPARACION BARREDORA $1.439.900,6
999-44-SE25,ORDEN DE COMPRA DESDE 999-22-LP25,6
